{
  "orig": {
    "final_acc_mean": 39.5,
    "final_acc_std": 3.485211614809063,
    "comm_mean": 19616.332903862,
    "comm_std": 838.4121782189093,
    "snrs": [
      -6,
      -4,
      -2,
      0,
      2,
      4,
      6,
      8,
      10,
      12
    ],
    "snr_acc_mean": [
      37.4875,
      38.2775,
      38.9575,
      39.16,
      39.53,
      39.7875,
      39.8075,
      39.9075,
      40.0,
      40.0275
    ]
  },
  "new": {
    "final_acc_mean": 39.0925,
    "final_acc_std": 4.3039364249486765,
    "comm_mean": 21337.202833652496,
    "comm_std": 241.50706311545952,
    "snrs": [
      -6,
      -4,
      -2,
      0,
      2,
      4,
      6,
      8,
      10,
      12
    ],
    "snr_acc_mean": [
      37.2975,
      38.325,
      38.5475,
      39.01,
      39.125,
      39.2325,
      39.385,
      39.34,
      39.455,
      39.3575
    ]
  },
  "diagnosis": {
    "orig_count": 4,
    "new_count": 4,
    "final_acc_delta_new_minus_orig": -0.40749999999999886,
    "final_comm_delta_new_minus_orig": 1720.8699297904968,
    "m6_delta_new_minus_orig": -0.19000000000000483,
    "p12_delta_new_minus_orig": -0.6700000000000017,
    "best_round_orig": 193,
    "best_round_new": 177,
    "best_acc_orig": 40.0775,
    "best_acc_new": 40.8725,
    "acc_gap_round_50": -1.5700000000000003,
    "acc_gap_round_100": -1.3674999999999997,
    "acc_gap_round_150": 0.8900000000000006,
    "acc_gap_round_200": -0.40749999999999886,
    "comm_gap_round_50": 544.4078164100647,
    "comm_gap_round_100": 978.8151745796204,
    "comm_gap_round_150": 1357.9724912643433,
    "comm_gap_round_200": 1720.8699297904968
  }
}