{
  "SFL": {
    "count": 4,
    "final_acc_mean": 47.442499999999995,
    "final_acc_std": 2.142421235425005,
    "comm_mean": 153673.5588722229,
    "comm_std": 7.896515481752187e-05,
    "m6_mean": 41.585,
    "p12_mean": 49.2525,
    "snrs": [
      -6,
      -4,
      -2,
      0,
      2,
      4,
      6,
      8,
      10,
      12
    ],
    "snr_acc_mean": [
      41.585,
      43.8775,
      45.1375,
      46.225,
      47.1475,
      47.755,
      48.5025,
      48.9675,
      49.1375,
      49.2525
    ]
  },
  "SC-USFL": {
    "count": 4,
    "final_acc_mean": 38.635,
    "final_acc_std": 2.7783493300879214,
    "comm_mean": 21177.445602416992,
    "comm_std": 7.679587197082297,
    "m6_mean": 38.49250000000001,
    "p12_mean": 39.377500000000005,
    "snrs": [
      -6,
      -4,
      -2,
      0,
      2,
      4,
      6,
      8,
      10,
      12
    ],
    "snr_acc_mean": [
      38.4925,
      38.7975,
      38.865,
      39.0225,
      39.1525,
      39.4075,
      39.21,
      39.2925,
      39.3375,
      39.3775
    ]
  },
  "CA-SSFL Orig": {
    "count": 4,
    "final_acc_mean": 39.5,
    "final_acc_std": 3.485211614809063,
    "comm_mean": 19616.332903862,
    "comm_std": 838.4121782189093,
    "m6_mean": 37.487500000000004,
    "p12_mean": 40.0275,
    "snrs": [
      -6,
      -4,
      -2,
      0,
      2,
      4,
      6,
      8,
      10,
      12
    ],
    "snr_acc_mean": [
      37.4875,
      38.2775,
      38.9575,
      39.16,
      39.53,
      39.7875,
      39.8075,
      39.9075,
      40.0,
      40.0275
    ]
  },
  "CA-SSFL New": {
    "count": 4,
    "final_acc_mean": 39.0925,
    "final_acc_std": 4.3039364249486765,
    "comm_mean": 21337.202833652496,
    "comm_std": 241.50706311545952,
    "m6_mean": 37.2975,
    "p12_mean": 39.3575,
    "snrs": [
      -6,
      -4,
      -2,
      0,
      2,
      4,
      6,
      8,
      10,
      12
    ],
    "snr_acc_mean": [
      37.2975,
      38.325,
      38.5475,
      39.01,
      39.125,
      39.2325,
      39.385,
      39.34,
      39.455,
      39.3575
    ]
  }
}